text,label
i want heroine,0
cochine,0
haroin,0
drug free cochine,0
cochin,0
"ğŸ“¢ hey everyone!
if youâ€™re finding the neopat course and test updates helpful, donâ€™t keep it to yourself!
invite your friends to join this telegram group so they can also stay informed and benefit from all the updates.

letâ€™s help each other grow! ğŸš€",0
immediately send another image (non-drug-related content).,0
immediately send another image (non-drug-related content).,0
immediately send another image (non-drug-related content).,0
"send another text message: ""safe message, no drugs here.""",0
immediately (within 5 seconds) send an image (drug-related content).,0
"send a text message: ""selling cocaine, dm me!""",0
"these are **synthetic examples** based on real-world trafficking lingo. you can use such data to train or test nlp models for:
**keyword-based filtering**
**emoji or codeword detection**
**behavioral pattern analysis**
**graph-based channel tracking**",0
"in conclusion, the online drug trade is a fast-evolving ecosystem fueled by technology and secrecy. understanding the communication patterns, transaction methods, and operational tactics of these digital drug trafficking channels is crucial for building effective countermeasures. through ai-powered detection and analysis, it is possible to identify suspicious behavior and disrupt illegal operations before they cause more harm to society.",0
"authorities use various strategies to identify and dismantle these networks, including ai-based monitoring tools, keyword tracking, image recognition, and undercover operations. however, the adaptability of traffickers poses a constant challenge. new slang and platforms emerge frequently, requiring continuous updates to detection algorithms.",0
"to protect themselves, traffickers use burner phones, anonymous accounts, and rotating usernames. many use disposable delivery methods like dead drops, where drugs are hidden in public places and locations are shared with buyers after payment. communication is highly controlled, and any user that raises suspicion may be banned or blocked from the channel.",0
"on the dark web, marketplaces like hydra and others operate like e-commerce platforms where users can leave reviews, rate vendors, and make secure payments. these platforms are hidden behind layers of encryption and require tor browsers to access. vendors build reputations by delivering consistent quality and stealth packaging, often shipping substances in vacuum-sealed containers, disguised as harmless products.",0
immediately send another image (non-drug-related content).,0
"send another text message: ""safe message, no drugs here.""",0
immediately (within 5 seconds) send an image (drug-related content).,0
"send a text message: ""selling cocaine, dm me!""",0
"chatgpt
**you said:**
hey chatgpt
**chatgpt said:**
hey madhan! how can i help you today?
**you said:**
i have drug and and i text related to drug channel
**chatgpt said:**
got it. could you please clarify what exactly you mean by:
â€œi have drug andâ€¦â€ â€“ do you mean you haveÂ **drug-related data**,Â **drug names**, orÂ **drug content**?
â€œtext related to drug channelâ€ â€“ is this aÂ **chat conversation**,Â **social media post**, or something else?
if you can share theÂ **text**Â or aÂ **sample**, i can help you analyze, summarize, or detect drug-related patterns based on your project:Â __ai-powered detection and tracking of online drug trafficking networks__.
**you said:**
give drug
**chatgpt said:**
could you please clarify what you mean byÂ **""give drug""**? are you:
asking forÂ **example names of drugs**Â (e.g., for your project)?
looking forÂ **sample text or data**Â related toÂ **drug trafficking channels**?
referring toÂ **legal or illegal drugs**?
needing aÂ **dataset or dummy data**Â for testing your model?
let me know, and iâ€™ll help accordingly.
**you said:**
content in 500 words
**chatgpt said:**
hereâ€™s a 500-wordÂ **sample content related to drug trafficking channels**. this can be used forÂ **analysis, dataset creation, or training models**Â in your project:Â __ai-powered detection and tracking of online drug trafficking networks__.
**sample text (drug trafficking content simulation â€“ educational/research use only)**
**title: hidden channels of online drug trade**
the digital age has significantly transformed how illicit drugs are distributed and sold. traditional street-level dealing has largely moved into encrypted online platforms, private messaging groups, and social media channels, making it increasingly difficult for law enforcement agencies to trace and dismantle these networks. social media platforms such as instagram, telegram, whatsapp, and even facebook are often exploited by drug traffickers to reach potential customers.
many of these operations use code language, emojis, and slang to bypass content moderation and evade detection. for example, cannabis is often referred to with leaf emojis or terms like ""green,"" ""herb,"" or ""loud."" cocaine may be referred to using snowflake emojis, and mdma is sometimes labeled as â€œmollyâ€ or â€œbeans.â€ in telegram groups, sellers frequently post menus of available substances, including prices, quantity, delivery methods, and payment options like cryptocurrency for added anonymity.
a typical drug channel on telegram might include a pinned message stating, â€œtop quality green, white, and x â€“ fast and safe delivery. btc/usdt accepted. dm to order.â€ the channel may have a large number of subscribers, indicating the scale of its operations. sellers often advertise with photos of the drugs, fake testimonials, and special â€œlimited timeâ€ offers to attract buyers. some even provide tracking numbers or customer support to build credibility.
on the dark web, marketplaces like hydra and others operate like e-commerce platforms where users can leave reviews, rate vendors, and make secure payments. these platforms are hidden behind layers of encryption and require tor browsers to access. vendors build reputations by delivering consistent quality and stealth packaging, often shipping substances in vacuum-sealed containers, disguised as harmless products.
to protect themselves, traffickers use burner phones, anonymous accounts, and rotating usernames. many use disposable delivery methods like dead drops, where drugs are hidden in public places and locations are shared with buyers after payment. communication is highly controlled, and any user that raises suspicion may be banned or blocked from the channel.
authorities use various strategies to identify and dismantle these networks, including ai-based monitoring tools, keyword tracking, image recognition, and undercover operations. however, the adaptability of traffickers poses a constant challenge. new slang and platforms emerge frequently, requiring continuous updates to detection algorithms.",0
"these are **synthetic examples** based on real-world trafficking lingo. you can use such data to train or test nlp models for:
**keyword-based filtering**
**emoji or codeword detection**
**behavioral pattern analysis**
**graph-based channel tracking**",0
"in conclusion, the online drug trade is a fast-evolving ecosystem fueled by technology and secrecy. understanding the communication patterns, transaction methods, and operational tactics of these digital drug trafficking channels is crucial for building effective countermeasures. through ai-powered detection and analysis, it is possible to identify suspicious behavior and disrupt illegal operations before they cause more harm to society.",0
"authorities use various strategies to identify and dismantle these networks, including ai-based monitoring tools, keyword tracking, image recognition, and undercover operations. however, the adaptability of traffickers poses a constant challenge. new slang and platforms emerge frequently, requiring continuous updates to detection algorithms.",0
"to protect themselves, traffickers use burner phones, anonymous accounts, and rotating usernames. many use disposable delivery methods like dead drops, where drugs are hidden in public places and locations are shared with buyers after payment. communication is highly controlled, and any user that raises suspicion may be banned or blocked from the channel.",0
"on the dark web, marketplaces like hydra and others operate like e-commerce platforms where users can leave reviews, rate vendors, and make secure payments. these platforms are hidden behind layers of encryption and require tor browsers to access. vendors build reputations by delivering consistent quality and stealth packaging, often shipping substances in vacuum-sealed containers, disguised as harmless products.",0
"typical drug channel on telegram might include a pinned message stating, â€œtop quality green, white, and x â€“ fast and safe delivery. btc/usdt accepted. dm to order.â€ the channel may have a large number of subscribers, indicating the scale of its operations. sellers often advertise with photos of the drugs, fake testimonials, and special â€œlimited timeâ€ offers to attract buyers. some even provide tracking numbers or customer support to build credibility.",0
"**sample text (drug trafficking content simulation â€“ educational/research use only)**
**title: hidden channels of online drug trade**
the digital age has significantly transformed how illicit drugs are distributed and sold. traditional street-level dealing has largely moved into encrypted online platforms, private messaging groups, and social media channels, making it increasingly difficult for law enforcement agencies to trace and dismantle these networks. social media platforms such as instagram, telegram, whatsapp, and even facebook are often exploited by drug traffickers to reach potential customers.
many of these operations use code language, emojis, and slang to bypass content moderation and evade detection. for example, cannabis is often referred to with leaf emojis or terms like ""green,"" ""herb,"" or ""loud."" cocaine may be referred to using snowflake emojis, and mdma is sometimes labeled as â€œmollyâ€ or â€œbeans.â€ in telegram groups, sellers frequently post menus of available substances, including prices, quantity, delivery methods, and payment options like cryptocurrency for added anonymity.
a typical drug channel on telegram might include a pinned message stating, â€œtop quality green, white, and x â€“ fast and safe delivery. btc/usdt accepted. dm to order.â€ the channel may have a large number of subscribers, indicating the scale of its operations. sellers often advertise with photos of the drugs, fake testimonials, and special â€œlimited timeâ€ offers to attract buyers. some even provide tracking numbers or customer support to build credibility.
on the dark web, marketplaces like hydra and others operate like e-commerce platforms where users can leave reviews, rate vendors, and make secure payments. these platforms are hidden behind layers of encryption and require tor browsers to access. vendors build reputations by delivering consistent quality and stealth packaging, often shipping substances in vacuum-sealed containers, disguised as harmless products.
to protect themselves, traffickers use burner phones, anonymous accounts, and rotating usernames. many use disposable delivery methods like dead drops, where drugs are hidden in public places and locations are shared with buyers after payment. communication is highly controlled, and any user that raises suspicion may be banned or blocked from the channel.
authorities use various strategies to identify and dismantle these networks, including ai-based monitoring tools, keyword tracking, image recognition, and undercover operations. however, the adaptability of traffickers poses a constant challenge. new slang and platforms emerge frequently, requiring continuous updates to detection algorithms.
in conclusion, the online drug trade is a fast-evolving ecosystem fueled by technology and secrecy. understanding the communication patterns, transaction methods, and operational tactics of these digital drug trafficking channels is crucial for building effective countermeasures. through ai-powered detection and analysis, it is possible to identify suspicious behavior and disrupt illegal operations before they cause more harm to society.
let me know if you'd like this formatted as a json or csv sample for dataset training, or if you want similar content for **multi-language detection**, **image captioning**, or **chat-based trafficking behavior**.
4o
is this conversation helpful so far?",0
"**types of drugs commonly trafficked online**
**narcotics:** heroin, morphine, opium
**stimulants:** cocaine, methamphetamine, amphetamines
**depressants:** benzodiazepines, barbiturates
**synthetic drugs:** mdma (ecstasy), synthetic cannabinoids, fentanyl analogs
**prescription drugs:** oxycodone, hydrocodone, and other opioids sold without prescriptions",0
"**drug trafficking** refers to the illegal trade, distribution, and sale of substances classified as drugs, often controlled by law enforcement worldwide. these substances include narcotics like heroin, cocaine, methamphetamine, synthetic drugs, and prescription medications when misused or sold illegally.",0
#plug #buyweed #mollyforsale #420 #lsdtrip #cokeplug #xanaxshop #drugmarket #dmforsupply,0
linktree updated â€“ new stock weekly ğŸ§¾,0
anonymous payments via crypto ğŸª™,0
check our menu: @drugsupplier999,0
ğŸ’Š order now via telegram: @fastplug_bot,0
"xans, addy, rolls â€“ cheap & stealth ğŸšš",0
special candy for your weekend ğŸ§ â€“ text me,0
"white girl, lucy, and kush in stock ğŸš€",0
need party favors? hit me up ğŸ¥³,0
"snow, molly, and green ğŸƒ available â€“ trusted plug ğŸ”Œ",0
"pills, powder, tabs â€“ all kinds available â€“ worldwide delivery ğŸŒ",0
buy crystal meth â€“ 99% purity â€“ dm for price ğŸ“©,0
"selling mdma, lsd, and weed â€“ discreet shipping ğŸŒ",0
get your high now! pure cocaine available ğŸ’‰,0
"**language and regional variations**
traffickers use **local languages**, dialects, or mixed-language slang (e.g., hinglish, tanglish).
ai models trained in english may fail to detect regional drug communication patterns unless multilingual nlp is implemented.",0
"**resource intensive**
requires continuous **training**, **updating slang databases**, and **manual validation**.
high-quality models need large datasets and computing power.
**6. adversarial attacks**
criminals can exploit **ai weaknesses**, like adding noise to images or slightly changing text to fool detection systems.",0
"**false positives & negatives**
ai may **flag innocent users** (false positives), affecting their accounts.
it may also **miss real traffickers** (false negatives) due to clever disguises.
this reduces the **trust and accuracy** of the system.
**4. platform limitations**
many platforms **restrict api access** or **encrypt chats** (e.g., telegram, whatsapp).
ai cannot analyze private messages unless there is legal permission or backend access.",0
"**evasion techniques by traffickers**
traffickers constantly change slang, emojis, and hashtags.
ai models may fail to detect new or obfuscated terms (e.g., â€œgummy bearsâ€ for edibles).
use of images/memes instead of plain text can bypass basic nlp filters.
**2. data privacy and ethical concerns**
scraping data from social media can raise **privacy** and **legal** issues.
ai systems may unintentionally collect personal conversations of innocent users.
over-monitoring can lead to concerns about **freedom of expression**.",0
"in conclusion, the online drug trade is a fast-evolving ecosystem fueled by technology and secrecy. understanding the communication patterns, transaction methods, and operational tactics of these digital drug trafficking channels is crucial for building effective countermeasures. through ai-powered detection and analysis, it is possible to identify suspicious behavior and disrupt illegal operations before they cause more harm to society.
let me know if you'd like this formatted as a json or csv sample for dataset training, or if you want similar content forÂ **multi-language detection**,Â **image captioning**, orÂ **chat-based trafficking behavior**.
**you said:**
give the content of drug
**chatgpt said:**
thanks for your clarification. since you're working on theÂ __detection and tracking of online drug trafficking networks__, here isÂ **sample content that mimics how drugs are promoted or sold in online channels**Â â€” purely for educational and research purposes (not real, not to be used illegally):
**simulated drug-related content for research (educational use only)**
**telegram channel post example:**
**@fasthighstore**
welcome to the #1 plug in town!
fresh stock just arrived:
**green apple (weed)**Â â€“ 1g for â‚¹800, 5g for â‚¹3500
**snow (cocaine)**Â â€“ â‚¹6000 per g â€“ top quality from colombia
**xtc (ecstasy pills)**Â â€“ â‚¹900/pill â€“ assorted colors
**white rhino (mdma crystal)**Â â€“ â‚¹5500/g â€“ pure 98%
**offers:**
buy 5g and get 1g free!
discreet packaging | delivery in 2-3 hrs | bitcoin & paytm accepted
**dm to place order â€“ strictly 18+**
#noscam #realplug #mumbaihighs #smokelife",0
"chatgpt
**you said:**
hey chatgpt
**chatgpt said:**
hey madhan! how can i help you today?
**you said:**
i have drug and and i text related to drug channel
**chatgpt said:**
got it. could you please clarify what exactly you mean by:
â€œi have drug andâ€¦â€ â€“ do you mean you haveÂ **drug-related data**,Â **drug names**, orÂ **drug content**?
â€œtext related to drug channelâ€ â€“ is this aÂ **chat conversation**,Â **social media post**, or something else?
if you can share theÂ **text**Â or aÂ **sample**, i can help you analyze, summarize, or detect drug-related patterns based on your project:Â __ai-powered detection and tracking of online drug trafficking networks__.
**you said:**
give drug
**chatgpt said:**
could you please clarify what you mean byÂ **""give drug""**? are you:
asking forÂ **example names of drugs**Â (e.g., for your project)?
looking forÂ **sample text or data**Â related toÂ **drug trafficking channels**?
referring toÂ **legal or illegal drugs**?
needing aÂ **dataset or dummy data**Â for testing your model?
let me know, and iâ€™ll help accordingly.
**you said:**
content in 500 words
**chatgpt said:**
hereâ€™s a 500-wordÂ **sample content related to drug trafficking channels**. this can be used forÂ **analysis, dataset creation, or training models**Â in your project:Â __ai-powered detection and tracking of online drug trafficking networks__.
**sample text (drug trafficking content simulation â€“ educational/research use only)**
**title: hidden channels of online drug trade**
the digital age has significantly transformed how illicit drugs are distributed and sold. traditional street-level dealing has largely moved into encrypted online platforms, private messaging groups, and social media channels, making it increasingly difficult for law enforcement agencies to trace and dismantle these networks. social media platforms such as instagram, telegram, whatsapp, and even facebook are often exploited by drug traffickers to reach potential customers.
many of these operations use code language, emojis, and slang to bypass content moderation and evade detection. for example, cannabis is often referred to with leaf emojis or terms like ""green,"" ""herb,"" or ""loud."" cocaine may be referred to using snowflake emojis, and mdma is sometimes labeled as â€œmollyâ€ or â€œbeans.â€ in telegram groups, sellers frequently post menus of available substances, including prices, quantity, delivery methods, and payment options like cryptocurrency for added anonymity.
a typical drug channel on telegram might include a pinned message stating, â€œtop quality green, white, and x â€“ fast and safe delivery. btc/usdt accepted. dm to order.â€ the channel may have a large number of subscribers, indicating the scale of its operations. sellers often advertise with photos of the drugs, fake testimonials, and special â€œlimited timeâ€ offers to attract buyers. some even provide tracking numbers or customer support to build credibility.
on the dark web, marketplaces like hydra and others operate like e-commerce platforms where users can leave reviews, rate vendors, and make secure payments. these platforms are hidden behind layers of encryption and require tor browsers to access. vendors build reputations by delivering consistent quality and stealth packaging, often shipping substances in vacuum-sealed containers, disguised as harmless products.
to protect themselves, traffickers use burner phones, anonymous accounts, and rotating usernames. many use disposable delivery methods like dead drops, where drugs are hidden in public places and locations are shared with buyers after payment. communication is highly controlled, and any user that raises suspicion may be banned or blocked from the channel.
authorities use various strategies to identify and dismantle these networks, including ai-based monitoring tools, keyword tracking, image recognition, and undercover operations. however, the adaptability of traffickers poses a constant challenge. new slang and platforms emerge frequently, requiring continuous updates to detection algorithms.",0
"these are **synthetic examples** based on real-world trafficking lingo. you can use such data to train or test nlp models for:
**keyword-based filtering**
**emoji or codeword detection**
**behavioral pattern analysis**
**graph-based channel tracking**",0
"in conclusion, the online drug trade is a fast-evolving ecosystem fueled by technology and secrecy. understanding the communication patterns, transaction methods, and operational tactics of these digital drug trafficking channels is crucial for building effective countermeasures. through ai-powered detection and analysis, it is possible to identify suspicious behavior and disrupt illegal operations before they cause more harm to society.",0
"authorities use various strategies to identify and dismantle these networks, including ai-based monitoring tools, keyword tracking, image recognition, and undercover operations. however, the adaptability of traffickers poses a constant challenge. new slang and platforms emerge frequently, requiring continuous updates to detection algorithms.",0
"to protect themselves, traffickers use burner phones, anonymous accounts, and rotating usernames. many use disposable delivery methods like dead drops, where drugs are hidden in public places and locations are shared with buyers after payment. communication is highly controlled, and any user that raises suspicion may be banned or blocked from the channel.",0
"on the dark web, marketplaces like hydra and others operate like e-commerce platforms where users can leave reviews, rate vendors, and make secure payments. these platforms are hidden behind layers of encryption and require tor browsers to access. vendors build reputations by delivering consistent quality and stealth packaging, often shipping substances in vacuum-sealed containers, disguised as harmless products.",0
"typical drug channel on telegram might include a pinned message stating, â€œtop quality green, white, and x â€“ fast and safe delivery. btc/usdt accepted. dm to order.â€ the channel may have a large number of subscribers, indicating the scale of its operations. sellers often advertise with photos of the drugs, fake testimonials, and special â€œlimited timeâ€ offers to attract buyers. some even provide tracking numbers or customer support to build credibility.",0
"**sample text (drug trafficking content simulation â€“ educational/research use only)**
**title: hidden channels of online drug trade**
the digital age has significantly transformed how illicit drugs are distributed and sold. traditional street-level dealing has largely moved into encrypted online platforms, private messaging groups, and social media channels, making it increasingly difficult for law enforcement agencies to trace and dismantle these networks. social media platforms such as instagram, telegram, whatsapp, and even facebook are often exploited by drug traffickers to reach potential customers.
many of these operations use code language, emojis, and slang to bypass content moderation and evade detection. for example, cannabis is often referred to with leaf emojis or terms like ""green,"" ""herb,"" or ""loud."" cocaine may be referred to using snowflake emojis, and mdma is sometimes labeled as â€œmollyâ€ or â€œbeans.â€ in telegram groups, sellers frequently post menus of available substances, including prices, quantity, delivery methods, and payment options like cryptocurrency for added anonymity.
a typical drug channel on telegram might include a pinned message stating, â€œtop quality green, white, and x â€“ fast and safe delivery. btc/usdt accepted. dm to order.â€ the channel may have a large number of subscribers, indicating the scale of its operations. sellers often advertise with photos of the drugs, fake testimonials, and special â€œlimited timeâ€ offers to attract buyers. some even provide tracking numbers or customer support to build credibility.
on the dark web, marketplaces like hydra and others operate like e-commerce platforms where users can leave reviews, rate vendors, and make secure payments. these platforms are hidden behind layers of encryption and require tor browsers to access. vendors build reputations by delivering consistent quality and stealth packaging, often shipping substances in vacuum-sealed containers, disguised as harmless products.
to protect themselves, traffickers use burner phones, anonymous accounts, and rotating usernames. many use disposable delivery methods like dead drops, where drugs are hidden in public places and locations are shared with buyers after payment. communication is highly controlled, and any user that raises suspicion may be banned or blocked from the channel.
authorities use various strategies to identify and dismantle these networks, including ai-based monitoring tools, keyword tracking, image recognition, and undercover operations. however, the adaptability of traffickers poses a constant challenge. new slang and platforms emerge frequently, requiring continuous updates to detection algorithms.
in conclusion, the online drug trade is a fast-evolving ecosystem fueled by technology and secrecy. understanding the communication patterns, transaction methods, and operational tactics of these digital drug trafficking channels is crucial for building effective countermeasures. through ai-powered detection and analysis, it is possible to identify suspicious behavior and disrupt illegal operations before they cause more harm to society.
let me know if you'd like this formatted as a json or csv sample for dataset training, or if you want similar content for **multi-language detection**, **image captioning**, or **chat-based trafficking behavior**.
4o
is this conversation helpful so far?",0
hey buddy,0
weekly deals on benzos. wholesale also available.,0
looking for high-quality hash in mumbai? we got you,0
telegram bot live now! order drugs anonymously 24/7.,0
"dm for menu ğŸ“‹ - edibles, shrooms, dmt, and more. all legit.",0
ğŸ”¥ new batch just in: white china #heroin #nocut,0
"got lsd, mdma, and ketamine. prices vary, bulk deals available.",0
"selling xanax bars, 2mg, discreet shipping.",0
searching for molly in bangalore. pls dm.,0
"need painkillers, preferably vicodin. any legit plug here?",0
"looking to buy oxy or percs, dm if available.",0
oh ok,0
opioids drugs for sale,0
cochin is one of the most important things for the specialized for drug invention,0
welcome drug free socity,0
"some kinds of drugs for medical purposes like medical use, different types of drugs are used, includingÂ antipyretics",0
this or the type of 500 drug,0
wait,0
500g i want,0
un processed drug,0
d needed,0
drug 1 i need,0
drug,0
we have a chance to scrap our datas also,0
kk,0
only use nick name,0
don't use personal name,0
harish drug give,0
cocoine,0
hello,0
dai herbal tea in mute pannu da,0
buddy,0
drug,0
i kg for 2 rs,0
cochin money,0
drug money,0
money,0
cocaine,0
buy drugs ğŸ’Š,0
buy drigs,0
super da,0
drugs,0
cochin is one of the most important things for the specialized for drug invention,0
welcome drug free socity,0
"some kinds of drugs for medical purposes like medical use, different types of drugs are used, includingÂ antipyretics",0
this or the type of 500 drug,0
